{"cameraMode":{"drawMode":0,"name":"Shaded","section":"Shading Mode"},"sceneLighting":true,"audioPlay":false,"sceneViewState":{"m_AlwaysRefresh":false,"showFog":true,"showSkybox":true,"showFlares":true,"showImageEffects":true,"showParticleSystems":true,"showVisualEffectGraphs":true,"m_FxEnabled":true},"in2DMode":false,"pivot":{"x":951.508056640625,"y":540.0000610351563,"z":-0.06120157241821289},"rotation":{"x":0.08560865372419357,"y":-0.6939748525619507,"z":0.08367911726236344,"w":0.7099783420562744},"size":1108.8853759765625,"orthographic":false}